{
  "mean": [
    25.08475,
    1128.69,
    82.95554999999999,
    46.3095,
    17.1785,
    30.52225
  ],
  "std": [
    20.725393914850873,
    597.9073592142435,
    8.832343786996317,
    12.085620600793602,
    32.263031919012455,
    21.89805667540032
  ],
  "classes": [
    "AGGRESSIVE",
    "NORMAL",
    "SLOW"
  ]
}